[  {    "date": "2015-07-01",    "word": "news chicago",    "value": 10  },  {    "date": "2015-07-01",    "word": "local news",    "value": 14  },  {    "date": "2015-07-01",    "word": "confederate flag",    "value": 14  },  {    "date": "2015-07-01",    "word": "black lives",    "value": 17  },  {    "date": "2015-07-01",    "word": "tcot pjnet",    "value": 11  },  {    "date": "2015-07-01",    "word": "san francisco",    "value": 15  },  {    "date": "2015-07-01",    "word": "donald trump",    "value": 13  },  {    "date": "2015-07-01",    "word": "lives matter",    "value": 14  },  {    "date": "2015-07-01",    "word": "black people",    "value": 11  },  {    "date": "2015-07-01",    "word": "4th july",    "value": 12  },  {    "date": "2015-08-01",    "word": "policebrutality policeviolence",    "value": 30  },  {    "date": "2015-08-01",    "word": "staywoke blacklivesmatter",    "value": 23  },  {    "date": "2015-08-01",    "word": "police officers",    "value": 27  },  {    "date": "2015-08-01",    "word": "cops policebrutality",    "value": 23  },  {    "date": "2015-08-01",    "word": "policebrutality blacklivesmatter",    "value": 32  },  {    "date": "2015-08-01",    "word": "police brutality",    "value": 35  },  {    "date": "2015-08-01",    "word": "black people",    "value": 42  },  {    "date": "2015-08-01",    "word": "juss wanna",    "value": 25  },  {    "date": "2015-08-01",    "word": "blacklivesmatter fergusonremembers",    "value": 57  },  {    "date": "2015-08-01",    "word": "mikebrown fergusonremembers",    "value": 68  },  {    "date": "2015-09-01",    "word": "blacklivesmatter staywoke",    "value": 16  },  {    "date": "2015-09-01",    "word": "policebrutality blacklivesmatter",    "value": 16  },  {    "date": "2015-09-01",    "word": "blacklivesmatter blackpeopleproblems",    "value": 19  },  {    "date": "2015-09-01",    "word": "cops police",    "value": 23  },  {    "date": "2015-09-01",    "word": "staywoke blacklivesmatter",    "value": 17  },  {    "date": "2015-09-01",    "word": "blacklivesmatter blacktwitter",    "value": 23  },  {    "date": "2015-09-01",    "word": "policebrutality policeabuse",    "value": 29  },  {    "date": "2015-09-01",    "word": "police cops",    "value": 21  },  {    "date": "2015-09-01",    "word": "cops acab",    "value": 15  },  {    "date": "2015-09-01",    "word": "funny comedy",    "value": 17  },  {    "date": "2015-10-01",    "word": "cops policebrutality",    "value": 57  },  {    "date": "2015-10-01",    "word": "blacklivesmatter blacktwitter",    "value": 155  },  {    "date": "2015-10-01",    "word": "killed police",    "value": 29  },  {    "date": "2015-10-01",    "word": "blacktwitter blackpeopletwitter",    "value": 45  },  {    "date": "2015-10-01",    "word": "policebrutality cops",    "value": 48  },  {    "date": "2015-10-01",    "word": "cops acab",    "value": 67  },  {    "date": "2015-10-01",    "word": "policebrutality blacklivesmatter",    "value": 47  },  {    "date": "2015-10-01",    "word": "acab policebrutality",    "value": 33  },  {    "date": "2015-10-01",    "word": "policebrutality acab",    "value": 52  },  {    "date": "2015-10-01",    "word": "acab blacklivesmatter",    "value": 38  },  {    "date": "2015-11-01",    "word": "year old",    "value": 22  },  {    "date": "2015-11-01",    "word": "black people",    "value": 21  },  {    "date": "2015-11-01",    "word": "blacklivesmatter blacktwitter",    "value": 24  },  {    "date": "2015-11-01",    "word": "cbsnews berniesanders",    "value": 27  },  {    "date": "2015-11-01",    "word": "berniesanders hillaryclinton",    "value": 27  },  {    "date": "2015-11-01",    "word": "hillaryclinton martinomalley",    "value": 27  },  {    "date": "2015-11-01",    "word": "threat kkk",    "value": 20  },  {    "date": "2015-11-01",    "word": "kkk today",    "value": 20  },  {    "date": "2015-11-01",    "word": "today demdebate",    "value": 20  },  {    "date": "2015-11-01",    "word": "blackmatters blacklivesmatter",    "value": 58  },  {    "date": "2015-12-01",    "word": "blacklivesmatter blacktwitter",    "value": 28  },  {    "date": "2015-12-01",    "word": "black people",    "value": 49  },  {    "date": "2015-12-01",    "word": "chicago mayor",    "value": 27  },  {    "date": "2015-12-01",    "word": "white people",    "value": 32  },  {    "date": "2015-12-01",    "word": "freddie gray",    "value": 28  },  {    "date": "2015-12-01",    "word": "chicago police",    "value": 30  },  {    "date": "2015-12-01",    "word": "resignrahm rahmemanuelout",    "value": 75  },  {    "date": "2015-12-01",    "word": "new york",    "value": 33  },  {    "date": "2015-12-01",    "word": "don know",    "value": 30  },  {    "date": "2015-12-01",    "word": "bernie sanders",    "value": 28  },  {    "date": "2016-01-01",    "word": "martin luther",    "value": 84  },  {    "date": "2016-01-01",    "word": "luther king",    "value": 84  },  {    "date": "2016-01-01",    "word": "happy birthday",    "value": 31  },  {    "date": "2016-01-01",    "word": "white people",    "value": 31  },  {    "date": "2016-01-01",    "word": "king jr",    "value": 64  },  {    "date": "2016-01-01",    "word": "gopdebate stopthegop",    "value": 120  },  {    "date": "2016-01-01",    "word": "terrorists oregonunderattack",    "value": 31  },  {    "date": "2016-01-01",    "word": "stopthegop gopdebate",    "value": 102  },  {    "date": "2016-01-01",    "word": "black people",    "value": 40  },  {    "date": "2016-01-01",    "word": "bernie sanders",    "value": 35  },  {    "date": "2016-02-01",    "word": "black people",    "value": 155  },  {    "date": "2016-02-01",    "word": "newsone audio",    "value": 161  },  {    "date": "2016-02-01",    "word": "audio podcast",    "value": 161  },  {    "date": "2016-02-01",    "word": "podcast bishop",    "value": 161  },  {    "date": "2016-02-01",    "word": "bishop jackson",    "value": 161  },  {    "date": "2016-02-01",    "word": "jackson calls",    "value": 161  },  {    "date": "2016-02-01",    "word": "calls blacklivesmatter",    "value": 168  },  {    "date": "2016-02-01",    "word": "blacklivesmatter movement",    "value": 190  },  {    "date": "2016-02-01",    "word": "movement disgraceful",    "value": 156  },  {    "date": "2016-02-01",    "word": "buyblack blacktwitter",    "value": 109  },  {    "date": "2016-03-01",    "word": "trump rally",    "value": 47  },  {    "date": "2016-03-01",    "word": "black man",    "value": 70  },  {    "date": "2016-03-01",    "word": "black people",    "value": 120  },  {    "date": "2016-03-01",    "word": "blacklivesmatter movement",    "value": 47  },  {    "date": "2016-03-01",    "word": "police brutality",    "value": 64  },  {    "date": "2016-03-01",    "word": "police officer",    "value": 52  },  {    "date": "2016-03-01",    "word": "donald trump",    "value": 80  },  {    "date": "2016-03-01",    "word": "black press",    "value": 48  },  {    "date": "2016-03-01",    "word": "police antipolicebrutalityday",    "value": 44  },  {    "date": "2016-03-01",    "word": "bernie sanders",    "value": 40  },  {    "date": "2016-04-01",    "word": "black man",    "value": 48  },  {    "date": "2016-04-01",    "word": "white people",    "value": 51  },  {    "date": "2016-04-01",    "word": "bernie sanders",    "value": 76  },  {    "date": "2016-04-01",    "word": "hillary clinton",    "value": 37  },  {    "date": "2016-04-01",    "word": "harriet tubman",    "value": 38  },  {    "date": "2016-04-01",    "word": "black people",    "value": 52  },  {    "date": "2016-04-01",    "word": "donald trump",    "value": 45  },  {    "date": "2016-04-01",    "word": "san francisco",    "value": 52  },  {    "date": "2016-04-01",    "word": "beingblackis like",    "value": 40  },  {    "date": "2016-04-01",    "word": "lgbtunited lgbt",    "value": 42  },  {    "date": "2016-05-01",    "word": "black people",    "value": 101  },  {    "date": "2016-05-01",    "word": "bernie sanders",    "value": 72  },  {    "date": "2016-05-01",    "word": "year old",    "value": 61  },  {    "date": "2016-05-01",    "word": "police officer",    "value": 54  },  {    "date": "2016-05-01",    "word": "black man",    "value": 83  },  {    "date": "2016-05-01",    "word": "donald trump",    "value": 119  },  {    "date": "2016-05-01",    "word": "poor people",    "value": 74  },  {    "date": "2016-05-01",    "word": "george zimmerman",    "value": 55  },  {    "date": "2016-05-01",    "word": "hillary clinton",    "value": 84  },  {    "date": "2016-05-01",    "word": "ask question",    "value": 95  },  {    "date": "2016-06-01",    "word": "orlando shooting",    "value": 69  },  {    "date": "2016-06-01",    "word": "mass shooting",    "value": 53  },  {    "date": "2016-06-01",    "word": "new york",    "value": 75  },  {    "date": "2016-06-01",    "word": "black lives",    "value": 55  },  {    "date": "2016-06-01",    "word": "muhammad ali",    "value": 146  },  {    "date": "2016-06-01",    "word": "black people",    "value": 82  },  {    "date": "2016-06-01",    "word": "black man",    "value": 69  },  {    "date": "2016-06-01",    "word": "super bowl",    "value": 68  },  {    "date": "2016-06-01",    "word": "donald trump",    "value": 105  },  {    "date": "2016-06-01",    "word": "african american",    "value": 57  },  {    "date": "2016-07-01",    "word": "black lives",    "value": 84  },  {    "date": "2016-07-01",    "word": "lives matter",    "value": 96  },  {    "date": "2016-07-01",    "word": "donald trump",    "value": 63  },  {    "date": "2016-07-01",    "word": "black people",    "value": 131  },  {    "date": "2016-07-01",    "word": "black man",    "value": 91  },  {    "date": "2016-07-01",    "word": "blackskinisnotacrime philandocastile",    "value": 59  },  {    "date": "2016-07-01",    "word": "altonsterling blackskinisnotacrime",    "value": 86  },  {    "date": "2016-07-01",    "word": "blackskinisnotacrime blacklivesmatter",    "value": 93  },  {    "date": "2016-07-01",    "word": "baton rouge",    "value": 53  },  {    "date": "2016-07-01",    "word": "sandra bland",    "value": 65  },  {    "date": "2016-08-01",    "word": "white people",    "value": 68  },  {    "date": "2016-08-01",    "word": "lives matter",    "value": 93  },  {    "date": "2016-08-01",    "word": "donald trump",    "value": 63  },  {    "date": "2016-08-01",    "word": "black people",    "value": 121  },  {    "date": "2016-08-01",    "word": "year old",    "value": 83  },  {    "date": "2016-08-01",    "word": "black men",    "value": 56  },  {    "date": "2016-08-01",    "word": "black women",    "value": 64  },  {    "date": "2016-08-01",    "word": "black man",    "value": 74  },  {    "date": "2016-08-01",    "word": "black lives",    "value": 76  },  {    "date": "2016-08-01",    "word": "police brutality",    "value": 59  },  {    "date": "2016-09-01",    "word": "colin kaepernick",    "value": 94  },  {    "date": "2016-09-01",    "word": "black people",    "value": 48  },  {    "date": "2016-09-01",    "word": "white people",    "value": 37  },  {    "date": "2016-09-01",    "word": "national anthem",    "value": 60  },  {    "date": "2016-09-01",    "word": "black women",    "value": 38  },  {    "date": "2016-09-01",    "word": "white supremacist",    "value": 42  },  {    "date": "2016-09-01",    "word": "black man",    "value": 44  },  {    "date": "2016-09-01",    "word": "year old",    "value": 43  },  {    "date": "2016-09-01",    "word": "black unity",    "value": 37  },  {    "date": "2016-09-01",    "word": "share flyer",    "value": 56  },  {    "date": "2016-10-01",    "word": "donald trump",    "value": 455  },  {    "date": "2016-10-01",    "word": "nowplaying dagr8fm",    "value": 312  },  {    "date": "2016-10-01",    "word": "listen title",    "value": 349  },  {    "date": "2016-10-01",    "word": "title track",    "value": 350  },  {    "date": "2016-10-01",    "word": "track upcoming",    "value": 349  },  {    "date": "2016-10-01",    "word": "upcoming mashup",    "value": 349  },  {    "date": "2016-10-01",    "word": "mashup album",    "value": 349  },  {    "date": "2016-10-01",    "word": "album thefourhorsemen",    "value": 349  },  {    "date": "2016-10-01",    "word": "thefourhorsemen theartofwar",    "value": 349  },  {    "date": "2016-10-01",    "word": "theartofwar ft",    "value": 349  },  {    "date": "2016-11-01",    "word": "donald trump",    "value": 309  },  {    "date": "2016-11-01",    "word": "white people",    "value": 139  },  {    "date": "2016-11-01",    "word": "white supremacy",    "value": 117  },  {    "date": "2016-11-01",    "word": "8bmdm8ell5 nowplaying",    "value": 141  },  {    "date": "2016-11-01",    "word": "nowplaying dagr8fm",    "value": 160  },  {    "date": "2016-11-01",    "word": "following twitter",    "value": 127  },  {    "date": "2016-11-01",    "word": "twitter thanks",    "value": 126  },  {    "date": "2016-11-01",    "word": "ready follow",    "value": 126  },  {    "date": "2016-11-01",    "word": "black people",    "value": 161  },  {    "date": "2016-11-01",    "word": "hillary clinton",    "value": 123  },  {    "date": "2016-12-01",    "word": "black women",    "value": 140  },  {    "date": "2016-12-01",    "word": "white people",    "value": 118  },  {    "date": "2016-12-01",    "word": "donald trump",    "value": 216  },  {    "date": "2016-12-01",    "word": "hip hop",    "value": 155  },  {    "date": "2016-12-01",    "word": "music video",    "value": 123  },  {    "date": "2016-12-01",    "word": "8bmdm8ell5 nowplaying",    "value": 316  },  {    "date": "2016-12-01",    "word": "nowplaying dagr8fm",    "value": 323  },  {    "date": "2016-12-01",    "word": "magazine issue",    "value": 110  },  {    "date": "2016-12-01",    "word": "black people",    "value": 163  },  {    "date": "2016-12-01",    "word": "p2 ctl",    "value": 154  },  {    "date": "2017-01-01",    "word": "hip hop",    "value": 127  },  {    "date": "2017-01-01",    "word": "civil rights",    "value": 111  },  {    "date": "2017-01-01",    "word": "new year",    "value": 146  },  {    "date": "2017-01-01",    "word": "black people",    "value": 123  },  {    "date": "2017-01-01",    "word": "donald trump",    "value": 235  },  {    "date": "2017-01-01",    "word": "black women",    "value": 105  },  {    "date": "2017-01-01",    "word": "bonitaapplebum atcq",    "value": 174  },  {    "date": "2017-01-01",    "word": "atcq tee",    "value": 174  },  {    "date": "2017-01-01",    "word": "tee dg1fxljiqk",    "value": 164  },  {    "date": "2017-01-01",    "word": "p2 ctl",    "value": 126  },  {    "date": "2017-02-01",    "word": "donald trump",    "value": 166  },  {    "date": "2017-02-01",    "word": "listen mashup",    "value": 231  },  {    "date": "2017-02-01",    "word": "mashup mix",    "value": 231  },  {    "date": "2017-02-01",    "word": "mix nasdotcom",    "value": 231  },  {    "date": "2017-02-01",    "word": "nasdotcom feat",    "value": 231  },  {    "date": "2017-02-01",    "word": "feat nas",    "value": 231  },  {    "date": "2017-02-01",    "word": "nas common",    "value": 231  },  {    "date": "2017-02-01",    "word": "common okdwgyu0s7",    "value": 214  },  {    "date": "2017-02-01",    "word": "click start",    "value": 155  },  {    "date": "2017-02-01",    "word": "soundcloud promotion",    "value": 150  },  {    "date": "2017-03-01",    "word": "black women",    "value": 167  },  {    "date": "2017-03-01",    "word": "white house",    "value": 126  },  {    "date": "2017-03-01",    "word": "donald trump",    "value": 149  },  {    "date": "2017-03-01",    "word": "year old",    "value": 152  },  {    "date": "2017-03-01",    "word": "soundcloud promotion",    "value": 167  },  {    "date": "2017-03-01",    "word": "click details",    "value": 186  },  {    "date": "2017-03-01",    "word": "million soundcloud",    "value": 128  },  {    "date": "2017-03-01",    "word": "soundcloud plays",    "value": 128  },  {    "date": "2017-03-01",    "word": "click start",    "value": 203  },  {    "date": "2017-03-01",    "word": "promotion just",    "value": 150  },  {    "date": "2017-04-01",    "word": "white house",    "value": 117  },  {    "date": "2017-04-01",    "word": "app ichlzwqg0y",    "value": 163  },  {    "date": "2017-04-01",    "word": "black women",    "value": 130  },  {    "date": "2017-04-01",    "word": "year old",    "value": 161  },  {    "date": "2017-04-01",    "word": "click details",    "value": 139  },  {    "date": "2017-04-01",    "word": "soundcloud promotion",    "value": 219  },  {    "date": "2017-04-01",    "word": "best soundcloud",    "value": 152  },  {    "date": "2017-04-01",    "word": "promotion just",    "value": 164  },  {    "date": "2017-04-01",    "word": "50 click",    "value": 128  },  {    "date": "2017-04-01",    "word": "click start",    "value": 214  },  {    "date": "2017-05-01",    "word": "year old",    "value": 94  },  {    "date": "2017-05-01",    "word": "black people",    "value": 49  },  {    "date": "2017-05-01",    "word": "white people",    "value": 38  },  {    "date": "2017-05-01",    "word": "100k soundcloud",    "value": 42  },  {    "date": "2017-05-01",    "word": "soundcloud plays",    "value": 57  },  {    "date": "2017-05-01",    "word": "plays seen",    "value": 41  },  {    "date": "2017-05-01",    "word": "click details",    "value": 49  },  {    "date": "2017-05-01",    "word": "hiphop rap",    "value": 42  },  {    "date": "2017-05-01",    "word": "african american",    "value": 38  },  {    "date": "2017-05-01",    "word": "black women",    "value": 51  },  {    "date": "2017-06-01",    "word": "black woman",    "value": 24  },  {    "date": "2017-06-01",    "word": "black women",    "value": 17  },  {    "date": "2017-06-01",    "word": "year old",    "value": 54  },  {    "date": "2017-06-01",    "word": "high school",    "value": 33  },  {    "date": "2017-06-01",    "word": "lives matter",    "value": 16  },  {    "date": "2017-06-01",    "word": "african american",    "value": 33  },  {    "date": "2017-06-01",    "word": "black man",    "value": 29  },  {    "date": "2017-06-01",    "word": "philando castile",    "value": 22  },  {    "date": "2017-06-01",    "word": "black people",    "value": 19  },  {    "date": "2017-06-01",    "word": "12 year",    "value": 15  },  {    "date": "2017-07-01",    "word": "malkiabektemba oxrganic",    "value": 101  },  {    "date": "2017-07-01",    "word": "oxrganic donnadoni1",    "value": 101  },  {    "date": "2017-07-01",    "word": "donnadoni1 sibiya29",    "value": 101  },  {    "date": "2017-07-01",    "word": "sibiya29 debbiem9",    "value": 79  },  {    "date": "2017-07-01",    "word": "angelaw676 supernjoro",    "value": 105  },  {    "date": "2017-07-01",    "word": "supernjoro mindsexguru",    "value": 107  },  {    "date": "2017-07-01",    "word": "year old",    "value": 123  },  {    "date": "2017-07-01",    "word": "black people",    "value": 84  },  {    "date": "2017-07-01",    "word": "donald trump",    "value": 97  },  {    "date": "2017-07-01",    "word": "p2 ctl",    "value": 99  },  {    "date": "2017-08-01",    "word": "white people",    "value": 35  },  {    "date": "2017-08-01",    "word": "black women",    "value": 39  },  {    "date": "2017-08-01",    "word": "white house",    "value": 35  },  {    "date": "2017-08-01",    "word": "askem a5kem",    "value": 35  },  {    "date": "2017-08-01",    "word": "a5kem artyoucanhear",    "value": 35  },  {    "date": "2017-08-01",    "word": "black people",    "value": 40  },  {    "date": "2017-08-01",    "word": "year old",    "value": 33  },  {    "date": "2017-08-01",    "word": "white supremacist",    "value": 36  },  {    "date": "2017-08-01",    "word": "donald trump",    "value": 42  },  {    "date": "2017-08-01",    "word": "black woman",    "value": 33  },  {    "date": "2017-09-01",    "word": "high school",    "value": 6  },  {    "date": "2017-09-01",    "word": "facebook rants",    "value": 3  },  {    "date": "2017-09-01",    "word": "black person",    "value": 6  },  {    "date": "2017-09-01",    "word": "remove confederate",    "value": 4  },  {    "date": "2017-09-01",    "word": "year old",    "value": 4  },  {    "date": "2017-09-01",    "word": "african american",    "value": 8  },  {    "date": "2017-09-01",    "word": "american woman",    "value": 4  },  {    "date": "2017-09-01",    "word": "black students",    "value": 6  },  {    "date": "2017-09-01",    "word": "white man",    "value": 4  },  {    "date": "2017-09-01",    "word": "black man",    "value": 7  },  {    "date": "2017-10-01",    "word": "puerto rico",    "value": 5  },  {    "date": "2017-10-01",    "word": "fox news",    "value": 5  },  {    "date": "2017-10-01",    "word": "trump said",    "value": 3  },  {    "date": "2017-10-01",    "word": "puerto ricans",    "value": 3  },  {    "date": "2017-10-01",    "word": "white house",    "value": 2  },  {    "date": "2017-10-01",    "word": "playing golf",    "value": 3  },  {    "date": "2017-10-01",    "word": "navy seal",    "value": 4  },  {    "date": "2017-10-01",    "word": "acts like",    "value": 2  },  {    "date": "2017-10-01",    "word": "whitelivesmatter rally",    "value": 3  },  {    "date": "2017-10-01",    "word": "real catastrophe",    "value": 3  },  {    "date": "2017-11-01",    "word": "roy moore",    "value": 26  },  {    "date": "2017-11-01",    "word": "fox news",    "value": 5  },  {    "date": "2017-11-01",    "word": "fake news",    "value": 9  },  {    "date": "2017-11-01",    "word": "donald trump",    "value": 11  },  {    "date": "2017-11-01",    "word": "white house",    "value": 5  },  {    "date": "2017-11-01",    "word": "tax cut",    "value": 7  },  {    "date": "2017-11-01",    "word": "native americans",    "value": 6  },  {    "date": "2017-11-01",    "word": "year old",    "value": 5  },  {    "date": "2017-11-01",    "word": "molest kids",    "value": 5  },  {    "date": "2017-11-01",    "word": "colin kaepernick",    "value": 5  },  {    "date": "2017-12-01",    "word": "doug jones",    "value": 18  },  {    "date": "2017-12-01",    "word": "roy moore",    "value": 59  },  {    "date": "2017-12-01",    "word": "donald trump",    "value": 50  },  {    "date": "2017-12-01",    "word": "year old",    "value": 49  },  {    "date": "2017-12-01",    "word": "civil rights",    "value": 13  },  {    "date": "2017-12-01",    "word": "black women",    "value": 13  },  {    "date": "2017-12-01",    "word": "pedophile pedophile",    "value": 16  },  {    "date": "2017-12-01",    "word": "barack obama",    "value": 14  },  {    "date": "2017-12-01",    "word": "trump dec",    "value": 18  },  {    "date": "2017-12-01",    "word": "president obama",    "value": 15  }]