[  {    "date": "2015-07-01",    "word": "patriots dare",    "value": 148  },  {    "date": "2015-07-01",    "word": "dare join",    "value": 148  },  {    "date": "2015-07-01",    "word": "join fight",    "value": 148  },  {    "date": "2015-07-01",    "word": "fight save",    "value": 148  },  {    "date": "2015-07-01",    "word": "america click",    "value": 148  },  {    "date": "2015-07-01",    "word": "iran deal",    "value": 216  },  {    "date": "2015-07-01",    "word": "world news",    "value": 421  },  {    "date": "2015-07-01",    "word": "planned parenthood",    "value": 389  },  {    "date": "2015-07-01",    "word": "new york",    "value": 160  },  {    "date": "2015-07-01",    "word": "donald trump",    "value": 364  },  {    "date": "2015-08-01",    "word": "trumpbecause realdonaldtrump",    "value": 125  },  {    "date": "2015-08-01",    "word": "trump president",    "value": 31  },  {    "date": "2015-08-01",    "word": "make america",    "value": 45  },  {    "date": "2015-08-01",    "word": "america great",    "value": 47  },  {    "date": "2015-08-01",    "word": "donald trump",    "value": 75  },  {    "date": "2015-08-01",    "word": "trumpbecause trump",    "value": 81  },  {    "date": "2015-08-01",    "word": "mikebrown fergusonremembers",    "value": 32  },  {    "date": "2015-08-01",    "word": "looks like",    "value": 35  },  {    "date": "2015-08-01",    "word": "new york",    "value": 32  },  {    "date": "2015-08-01",    "word": "ashley madison",    "value": 42  },  {    "date": "2015-09-01",    "word": "black areas",    "value": 32  },  {    "date": "2015-09-01",    "word": "sign petition",    "value": 47  },  {    "date": "2015-09-01",    "word": "guns nogunsforcriminals",    "value": 29  },  {    "date": "2015-09-01",    "word": "guns criminals",    "value": 24  },  {    "date": "2015-09-01",    "word": "criminals nogunsforcriminals",    "value": 23  },  {    "date": "2015-09-01",    "word": "petition nogunsforcriminals",    "value": 25  },  {    "date": "2015-09-01",    "word": "don think",    "value": 24  },  {    "date": "2015-09-01",    "word": "looks like",    "value": 22  },  {    "date": "2015-09-01",    "word": "cnnpolitics cnnbrk",    "value": 28  },  {    "date": "2015-09-01",    "word": "cnnbrk potus",    "value": 22  },  {    "date": "2015-10-01",    "word": "tcot ccot",    "value": 33  },  {    "date": "2015-10-01",    "word": "new york",    "value": 36  },  {    "date": "2015-10-01",    "word": "charles koch",    "value": 189  },  {    "date": "2015-10-01",    "word": "fighting special",    "value": 56  },  {    "date": "2015-10-01",    "word": "special interests",    "value": 63  },  {    "date": "2015-10-01",    "word": "bernie sanders",    "value": 59  },  {    "date": "2015-10-01",    "word": "ben carson",    "value": 76  },  {    "date": "2015-10-01",    "word": "year old",    "value": 51  },  {    "date": "2015-10-01",    "word": "gun control",    "value": 48  },  {    "date": "2015-10-01",    "word": "fiscal charter",    "value": 35  },  {    "date": "2015-11-01",    "word": "demdebate demndebate",    "value": 463  },  {    "date": "2015-11-01",    "word": "ben carson",    "value": 306  },  {    "date": "2015-11-01",    "word": "paris attacks",    "value": 132  },  {    "date": "2015-11-01",    "word": "donald trump",    "value": 133  },  {    "date": "2015-11-01",    "word": "demndebate demdebate",    "value": 294  },  {    "date": "2015-11-01",    "word": "university missouri",    "value": 84  },  {    "date": "2015-11-01",    "word": "operation christmas",    "value": 71  },  {    "date": "2015-11-01",    "word": "christmas child",    "value": 73  },  {    "date": "2015-11-01",    "word": "tcot pjnet",    "value": 82  },  {    "date": "2015-11-01",    "word": "promisedlanding promisedlanding",    "value": 81  },  {    "date": "2015-12-01",    "word": "gopdebate vegasgopdebate",    "value": 279  },  {    "date": "2015-12-01",    "word": "republican party",    "value": 128  },  {    "date": "2015-12-01",    "word": "donald trump",    "value": 230  },  {    "date": "2015-12-01",    "word": "merry christmas",    "value": 172  },  {    "date": "2015-12-01",    "word": "demdebate damndebate",    "value": 144  },  {    "date": "2015-12-01",    "word": "san bernardino",    "value": 151  },  {    "date": "2015-12-01",    "word": "gun control",    "value": 210  },  {    "date": "2015-12-01",    "word": "mass shooting",    "value": 121  },  {    "date": "2015-12-01",    "word": "hillary clinton",    "value": 164  },  {    "date": "2015-12-01",    "word": "gopdebate know",    "value": 218  },  {    "date": "2016-01-01",    "word": "gopdebate stopthegop",    "value": 481  },  {    "date": "2016-01-01",    "word": "stopthegop gopdebate",    "value": 479  },  {    "date": "2016-01-01",    "word": "ted cruz",    "value": 108  },  {    "date": "2016-01-01",    "word": "donald trump",    "value": 163  },  {    "date": "2016-01-01",    "word": "answer uhr7rf7a3v",    "value": 59  },  {    "date": "2016-01-01",    "word": "tcot pjnet",    "value": 79  },  {    "date": "2016-01-01",    "word": "tcot ccot",    "value": 66  },  {    "date": "2016-01-01",    "word": "bernie sanders",    "value": 73  },  {    "date": "2016-01-01",    "word": "hillary clinton",    "value": 87  },  {    "date": "2016-01-01",    "word": "ccot tcot",    "value": 66  },  {    "date": "2016-02-01",    "word": "abcgopdebate abcnews",    "value": 250  },  {    "date": "2016-02-01",    "word": "tcot ccot",    "value": 806  },  {    "date": "2016-02-01",    "word": "pjnet ccot",    "value": 338  },  {    "date": "2016-02-01",    "word": "ccot tcot",    "value": 397  },  {    "date": "2016-02-01",    "word": "tcot pjnet",    "value": 415  },  {    "date": "2016-02-01",    "word": "pjnet tcot",    "value": 368  },  {    "date": "2016-02-01",    "word": "ted cruz",    "value": 271  },  {    "date": "2016-02-01",    "word": "cruzcrew pjnet",    "value": 324  },  {    "date": "2016-02-01",    "word": "oscarhasnocolor oscars",    "value": 362  },  {    "date": "2016-02-01",    "word": "abcnews abcgopdebate",    "value": 273  },  {    "date": "2016-03-01",    "word": "syrian refugees",    "value": 309  },  {    "date": "2016-03-01",    "word": "refugees terrorists",    "value": 312  },  {    "date": "2016-03-01",    "word": "prayforbrussels brussels",    "value": 140  },  {    "date": "2016-03-01",    "word": "brussels islamkills",    "value": 503  },  {    "date": "2016-03-01",    "word": "refugees welcome",    "value": 196  },  {    "date": "2016-03-01",    "word": "islamkills stopislam",    "value": 238  },  {    "date": "2016-03-01",    "word": "islamkills refugees",    "value": 146  },  {    "date": "2016-03-01",    "word": "stopislam islamkills",    "value": 457  },  {    "date": "2016-03-01",    "word": "islamkills brussels",    "value": 281  },  {    "date": "2016-03-01",    "word": "refugees isis",    "value": 193  },  {    "date": "2016-04-01",    "word": "donald trump",    "value": 50  },  {    "date": "2016-04-01",    "word": "ted cruz",    "value": 38  },  {    "date": "2016-04-01",    "word": "hillary clinton",    "value": 24  },  {    "date": "2016-04-01",    "word": "white house",    "value": 14  },  {    "date": "2016-04-01",    "word": "bernie sanders",    "value": 35  },  {    "date": "2016-04-01",    "word": "just like",    "value": 12  },  {    "date": "2016-04-01",    "word": "muslim step",    "value": 19  },  {    "date": "2016-04-01",    "word": "steelhead67 standup_1776",    "value": 16  },  {    "date": "2016-04-01",    "word": "nj4sanders2016 ibelievengood",    "value": 13  },  {    "date": "2016-04-01",    "word": "ibelievengood steelhead67",    "value": 13  },  {    "date": "2016-05-01",    "word": "cruzcrew pjnet",    "value": 154  },  {    "date": "2016-05-01",    "word": "pjnet tcot",    "value": 60  },  {    "date": "2016-05-01",    "word": "renewus pjnet",    "value": 82  },  {    "date": "2016-05-01",    "word": "tcot pjnet",    "value": 116  },  {    "date": "2016-05-01",    "word": "inhonorof pjnet",    "value": 116  },  {    "date": "2016-05-01",    "word": "harry truman",    "value": 85  },  {    "date": "2016-05-01",    "word": "rednationrising tcot",    "value": 50  },  {    "date": "2016-05-01",    "word": "shooters_wife mt",    "value": 57  },  {    "date": "2016-05-01",    "word": "donald trump",    "value": 79  },  {    "date": "2016-05-01",    "word": "hillary clinton",    "value": 70  },  {    "date": "2016-06-01",    "word": "tcot wakeupamerica",    "value": 35  },  {    "date": "2016-06-01",    "word": "wakeupamerica pjnet",    "value": 28  },  {    "date": "2016-06-01",    "word": "hillary clinton",    "value": 84  },  {    "date": "2016-06-01",    "word": "donald trump",    "value": 27  },  {    "date": "2016-06-01",    "word": "people don",    "value": 13  },  {    "date": "2016-06-01",    "word": "don want",    "value": 25  },  {    "date": "2016-06-01",    "word": "religion peace",    "value": 16  },  {    "date": "2016-06-01",    "word": "good morning",    "value": 15  },  {    "date": "2016-06-01",    "word": "bernie sanders",    "value": 15  },  {    "date": "2016-06-01",    "word": "trump tower",    "value": 13  },  {    "date": "2016-07-01",    "word": "american thinker",    "value": 108  },  {    "date": "2016-07-01",    "word": "national security",    "value": 27  },  {    "date": "2016-07-01",    "word": "thinker pjnet",    "value": 40  },  {    "date": "2016-07-01",    "word": "pjnet 999",    "value": 49  },  {    "date": "2016-07-01",    "word": "hillary clinton",    "value": 175  },  {    "date": "2016-07-01",    "word": "black lives",    "value": 29  },  {    "date": "2016-07-01",    "word": "lives matter",    "value": 34  },  {    "date": "2016-07-01",    "word": "donald trump",    "value": 56  },  {    "date": "2016-07-01",    "word": "bernie sanders",    "value": 28  },  {    "date": "2016-07-01",    "word": "god bless",    "value": 30  },  {    "date": "2016-08-01",    "word": "tcot ccot",    "value": 65  },  {    "date": "2016-08-01",    "word": "uniteblue tcot",    "value": 35  },  {    "date": "2016-08-01",    "word": "pjnet tcot",    "value": 27  },  {    "date": "2016-08-01",    "word": "neverhillary imnotwithher",    "value": 31  },  {    "date": "2016-08-01",    "word": "hillary clinton",    "value": 117  },  {    "date": "2016-08-01",    "word": "sign petition",    "value": 28  },  {    "date": "2016-08-01",    "word": "tcot pjnet",    "value": 27  },  {    "date": "2016-08-01",    "word": "donald trump",    "value": 55  },  {    "date": "2016-08-01",    "word": "good morning",    "value": 44  },  {    "date": "2016-08-01",    "word": "god bless",    "value": 45  },  {    "date": "2016-09-01",    "word": "hillary clinton",    "value": 1034  },  {    "date": "2016-09-01",    "word": "vote trump",    "value": 152  },  {    "date": "2016-09-01",    "word": "tcot pjnet",    "value": 228  },  {    "date": "2016-09-01",    "word": "cosproject pjnet",    "value": 154  },  {    "date": "2016-09-01",    "word": "donald trump",    "value": 614  },  {    "date": "2016-09-01",    "word": "clinton foundation",    "value": 177  },  {    "date": "2016-09-01",    "word": "new york",    "value": 215  },  {    "date": "2016-09-01",    "word": "pjnet p2",    "value": 166  },  {    "date": "2016-09-01",    "word": "ahmad khan",    "value": 196  },  {    "date": "2016-09-01",    "word": "khan rahami",    "value": 191  },  {    "date": "2016-10-01",    "word": "hillary clinton",    "value": 585  },  {    "date": "2016-10-01",    "word": "clinton campaign",    "value": 122  },  {    "date": "2016-10-01",    "word": "donald trump",    "value": 355  },  {    "date": "2016-10-01",    "word": "vote trump",    "value": 126  },  {    "date": "2016-10-01",    "word": "clinton foundation",    "value": 179  },  {    "date": "2016-10-01",    "word": "voter fraud",    "value": 132  },  {    "date": "2016-10-01",    "word": "hurricane matthew",    "value": 127  },  {    "date": "2016-10-01",    "word": "isis accounts",    "value": 120  },  {    "date": "2016-10-01",    "word": "targets iceisis",    "value": 118  },  {    "date": "2016-10-01",    "word": "iceisis opiceisis",    "value": 119  },  {    "date": "2016-11-01",    "word": "hillaryforprison2016 trumpforpresident",    "value": 157  },  {    "date": "2016-11-01",    "word": "donald trump",    "value": 319  },  {    "date": "2016-11-01",    "word": "america great",    "value": 103  },  {    "date": "2016-11-01",    "word": "vote trump",    "value": 146  },  {    "date": "2016-11-01",    "word": "clinton foundation",    "value": 96  },  {    "date": "2016-11-01",    "word": "hillary clinton",    "value": 301  },  {    "date": "2016-11-01",    "word": "targeted isis",    "value": 95  },  {    "date": "2016-11-01",    "word": "isis accounts",    "value": 96  },  {    "date": "2016-11-01",    "word": "targets iceisis",    "value": 95  },  {    "date": "2016-11-01",    "word": "iceisis opiceisis",    "value": 95  },  {    "date": "2016-12-01",    "word": "donald trump",    "value": 322  },  {    "date": "2016-12-01",    "word": "fake news",    "value": 355  },  {    "date": "2016-12-01",    "word": "new post",    "value": 366  },  {    "date": "2016-12-01",    "word": "merry christmas",    "value": 192  },  {    "date": "2016-12-01",    "word": "tcot ccot",    "value": 203  },  {    "date": "2016-12-01",    "word": "news post",    "value": 422  },  {    "date": "2016-12-01",    "word": "targeted isis",    "value": 142  },  {    "date": "2016-12-01",    "word": "isis accounts",    "value": 143  },  {    "date": "2016-12-01",    "word": "targets iceisis",    "value": 142  },  {    "date": "2016-12-01",    "word": "iceisis opiceisis",    "value": 142  },  {    "date": "2017-01-01",    "word": "new year",    "value": 123  },  {    "date": "2017-01-01",    "word": "fake news",    "value": 196  },  {    "date": "2017-01-01",    "word": "new post",    "value": 207  },  {    "date": "2017-01-01",    "word": "trump inauguration",    "value": 128  },  {    "date": "2017-01-01",    "word": "donald trump",    "value": 346  },  {    "date": "2017-01-01",    "word": "white house",    "value": 139  },  {    "date": "2017-01-01",    "word": "president trump",    "value": 174  },  {    "date": "2017-01-01",    "word": "tcot ccot",    "value": 134  },  {    "date": "2017-01-01",    "word": "news post",    "value": 333  },  {    "date": "2017-01-01",    "word": "isis accounts",    "value": 109  },  {    "date": "2017-02-01",    "word": "new post",    "value": 103  },  {    "date": "2017-02-01",    "word": "president trump",    "value": 279  },  {    "date": "2017-02-01",    "word": "fake news",    "value": 206  },  {    "date": "2017-02-01",    "word": "white house",    "value": 192  },  {    "date": "2017-02-01",    "word": "donald trump",    "value": 178  },  {    "date": "2017-02-01",    "word": "news post",    "value": 193  },  {    "date": "2017-02-01",    "word": "targeted isis",    "value": 107  },  {    "date": "2017-02-01",    "word": "isis accounts",    "value": 108  },  {    "date": "2017-02-01",    "word": "targets iceisis",    "value": 107  },  {    "date": "2017-02-01",    "word": "iceisis opiceisis",    "value": 107  },  {    "date": "2017-03-01",    "word": "white house",    "value": 151  },  {    "date": "2017-03-01",    "word": "donald trump",    "value": 183  },  {    "date": "2017-03-01",    "word": "year old",    "value": 124  },  {    "date": "2017-03-01",    "word": "president trump",    "value": 205  },  {    "date": "2017-03-01",    "word": "new post",    "value": 170  },  {    "date": "2017-03-01",    "word": "news post",    "value": 264  },  {    "date": "2017-03-01",    "word": "fake news",    "value": 138  },  {    "date": "2017-03-01",    "word": "targeted isis",    "value": 110  },  {    "date": "2017-03-01",    "word": "isis accounts",    "value": 111  },  {    "date": "2017-03-01",    "word": "targets iceisis",    "value": 109  },  {    "date": "2017-04-01",    "word": "new post",    "value": 206  },  {    "date": "2017-04-01",    "word": "president trump",    "value": 202  },  {    "date": "2017-04-01",    "word": "north korea",    "value": 214  },  {    "date": "2017-04-01",    "word": "white house",    "value": 170  },  {    "date": "2017-04-01",    "word": "donald trump",    "value": 130  },  {    "date": "2017-04-01",    "word": "le pen",    "value": 136  },  {    "date": "2017-04-01",    "word": "susan rice",    "value": 220  },  {    "date": "2017-04-01",    "word": "news post",    "value": 329  },  {    "date": "2017-04-01",    "word": "targeted isis",    "value": 124  },  {    "date": "2017-04-01",    "word": "isis accounts",    "value": 124  },  {    "date": "2017-05-01",    "word": "white house",    "value": 22  },  {    "date": "2017-05-01",    "word": "new post",    "value": 43  },  {    "date": "2017-05-01",    "word": "le pen",    "value": 29  },  {    "date": "2017-05-01",    "word": "health care",    "value": 25  },  {    "date": "2017-05-01",    "word": "president trump",    "value": 39  },  {    "date": "2017-05-01",    "word": "planned parenthood",    "value": 22  },  {    "date": "2017-05-01",    "word": "year old",    "value": 27  },  {    "date": "2017-05-01",    "word": "hillary clinton",    "value": 40  },  {    "date": "2017-05-01",    "word": "fbi director",    "value": 22  },  {    "date": "2017-05-01",    "word": "news post",    "value": 50  },  {    "date": "2017-06-01",    "word": "white house",    "value": 131  },  {    "date": "2017-06-01",    "word": "james comey",    "value": 215  },  {    "date": "2017-06-01",    "word": "president trump",    "value": 158  },  {    "date": "2017-06-01",    "word": "fake news",    "value": 124  },  {    "date": "2017-06-01",    "word": "jeff sessions",    "value": 136  },  {    "date": "2017-06-01",    "word": "loretta lynch",    "value": 103  },  {    "date": "2017-06-01",    "word": "donald trump",    "value": 280  },  {    "date": "2017-06-01",    "word": "megyn kelly",    "value": 87  },  {    "date": "2017-06-01",    "word": "steve scalise",    "value": 103  },  {    "date": "2017-06-01",    "word": "virginia shooting",    "value": 84  },  {    "date": "2017-07-01",    "word": "white house",    "value": 271  },  {    "date": "2017-07-01",    "word": "breaking trump",    "value": 146  },  {    "date": "2017-07-01",    "word": "trump just",    "value": 178  },  {    "date": "2017-07-01",    "word": "fake news",    "value": 230  },  {    "date": "2017-07-01",    "word": "john mccain",    "value": 177  },  {    "date": "2017-07-01",    "word": "wasserman schultz",    "value": 126  },  {    "date": "2017-07-01",    "word": "president trump",    "value": 248  },  {    "date": "2017-07-01",    "word": "obamacare repeal",    "value": 142  },  {    "date": "2017-07-01",    "word": "north korea",    "value": 184  },  {    "date": "2017-07-01",    "word": "curated hedgebz",    "value": 215  },  {    "date": "2017-08-01",    "word": "north korea",    "value": 2807  },  {    "date": "2017-08-01",    "word": "president trump",    "value": 2837  },  {    "date": "2017-08-01",    "word": "trump supporters",    "value": 1318  },  {    "date": "2017-08-01",    "word": "trump just",    "value": 1249  },  {    "date": "2017-08-01",    "word": "white house",    "value": 1570  },  {    "date": "2017-08-01",    "word": "patriot army",    "value": 1556  },  {    "date": "2017-08-01",    "word": "enlist usfa",    "value": 1324  },  {    "date": "2017-08-01",    "word": "rt_america maga",    "value": 1242  },  {    "date": "2017-08-01",    "word": "mfbjijyl05 rewind",    "value": 1655  },  {    "date": "2017-08-01",    "word": "archived hedgebz",    "value": 1412  },  {    "date": "2017-09-01",    "word": "president trump",    "value": 629  },  {    "date": "2017-09-01",    "word": "hurricane irma",    "value": 404  },  {    "date": "2017-09-01",    "word": "north korea",    "value": 722  },  {    "date": "2017-09-01",    "word": "white house",    "value": 327  },  {    "date": "2017-09-01",    "word": "national anthem",    "value": 338  },  {    "date": "2017-09-01",    "word": "anti trump",    "value": 364  },  {    "date": "2017-09-01",    "word": "breaking video",    "value": 306  },  {    "date": "2017-09-01",    "word": "trump just",    "value": 332  },  {    "date": "2017-09-01",    "word": "trump supporters",    "value": 548  },  {    "date": "2017-09-01",    "word": "breaking trump",    "value": 517  },  {    "date": "2017-10-01",    "word": "anti trump",    "value": 911  },  {    "date": "2017-10-01",    "word": "president trump",    "value": 470  },  {    "date": "2017-10-01",    "word": "puerto rico",    "value": 512  },  {    "date": "2017-10-01",    "word": "san juan",    "value": 577  },  {    "date": "2017-10-01",    "word": "juan mayor",    "value": 527  },  {    "date": "2017-10-01",    "word": "harvey weinstein",    "value": 845  },  {    "date": "2017-10-01",    "word": "breaking trump",    "value": 406  },  {    "date": "2017-10-01",    "word": "gun control",    "value": 433  },  {    "date": "2017-10-01",    "word": "vegas massacre",    "value": 648  },  {    "date": "2017-10-01",    "word": "vegas shooter",    "value": 398  },  {    "date": "2017-11-01",    "word": "roy moore",    "value": 399  },  {    "date": "2017-11-01",    "word": "cnn fakenews",    "value": 2262  },  {    "date": "2017-11-01",    "word": "fakenews cnn",    "value": 1902  },  {    "date": "2017-11-01",    "word": "cnni cnnpolitics",    "value": 361  },  {    "date": "2017-11-01",    "word": "cnnpolitics cnnsitroom",    "value": 361  },  {    "date": "2017-11-01",    "word": "wolfblitzer jaketapper",    "value": 361  },  {    "date": "2017-11-01",    "word": "jaketapper theleadcnn",    "value": 362  },  {    "date": "2017-11-01",    "word": "ananavarro donlemon",    "value": 361  },  {    "date": "2017-11-01",    "word": "donlemon vanjones68",    "value": 361  },  {    "date": "2017-11-01",    "word": "fakenews fakenews",    "value": 361  },  {    "date": "2017-12-01",    "word": "win win",    "value": 364  },  {    "date": "2017-12-01",    "word": "wolfblitzer jaketapper",    "value": 293  },  {    "date": "2017-12-01",    "word": "jaketapper theleadcnn",    "value": 289  },  {    "date": "2017-12-01",    "word": "donlemon vanjones68",    "value": 289  },  {    "date": "2017-12-01",    "word": "vanjones68 andersoncooper",    "value": 289  },  {    "date": "2017-12-01",    "word": "cnn fakenews",    "value": 1034  },  {    "date": "2017-12-01",    "word": "fakenews cnn",    "value": 861  },  {    "date": "2017-12-01",    "word": "dani bostick",    "value": 456  },  {    "date": "2017-12-01",    "word": "bostick fakenews",    "value": 456  },  {    "date": "2017-12-01",    "word": "fakenews dani",    "value": 342  }]