{"left": [{"date": "07/01/2015", "word": "news chicago", "value": 10},  {"date": "07/01/2015", "word": "local news", "value": 14},  {"date": "07/01/2015", "word": "confederate flag", "value": 14},  {"date": "07/01/2015", "word": "black lives", "value": 17},  {"date": "07/01/2015", "word": "tcot pjnet", "value": 11},  {"date": "07/01/2015", "word": "san francisco", "value": 15},  {"date": "07/01/2015", "word": "donald trump", "value": 13},  {"date": "07/01/2015", "word": "lives matter", "value": 14},  {"date": "07/01/2015", "word": "black people", "value": 11},  {"date": "07/01/2015", "word": "4th july", "value": 12},  {"date": "08/01/2015",   "word": "policebrutality policeviolence",   "value": 30},  {"date": "08/01/2015", "word": "staywoke blacklivesmatter", "value": 23},  {"date": "08/01/2015", "word": "police officers", "value": 27},  {"date": "08/01/2015", "word": "cops policebrutality", "value": 23},  {"date": "08/01/2015",   "word": "policebrutality blacklivesmatter",   "value": 32},  {"date": "08/01/2015", "word": "police brutality", "value": 35},  {"date": "08/01/2015", "word": "black people", "value": 42},  {"date": "08/01/2015", "word": "juss wanna", "value": 25},  {"date": "08/01/2015",   "word": "blacklivesmatter fergusonremembers",   "value": 57},  {"date": "08/01/2015", "word": "mikebrown fergusonremembers", "value": 68},  {"date": "09/01/2015", "word": "blacklivesmatter staywoke", "value": 16},  {"date": "09/01/2015",   "word": "policebrutality blacklivesmatter",   "value": 16},  {"date": "09/01/2015",   "word": "blacklivesmatter blackpeopleproblems",   "value": 19},  {"date": "09/01/2015", "word": "cops police", "value": 23},  {"date": "09/01/2015", "word": "staywoke blacklivesmatter", "value": 17},  {"date": "09/01/2015", "word": "blacklivesmatter blacktwitter", "value": 23},  {"date": "09/01/2015", "word": "policebrutality policeabuse", "value": 29},  {"date": "09/01/2015", "word": "police cops", "value": 21},  {"date": "09/01/2015", "word": "cops acab", "value": 15},  {"date": "09/01/2015", "word": "funny comedy", "value": 17},  {"date": "10/01/2015", "word": "cops policebrutality", "value": 57},  {"date": "10/01/2015",   "word": "blacklivesmatter blacktwitter",   "value": 155},  {"date": "10/01/2015", "word": "killed police", "value": 29},  {"date": "10/01/2015",   "word": "blacktwitter blackpeopletwitter",   "value": 45},  {"date": "10/01/2015", "word": "policebrutality cops", "value": 48},  {"date": "10/01/2015", "word": "cops acab", "value": 67},  {"date": "10/01/2015",   "word": "policebrutality blacklivesmatter",   "value": 47},  {"date": "10/01/2015", "word": "acab policebrutality", "value": 33},  {"date": "10/01/2015", "word": "policebrutality acab", "value": 52},  {"date": "10/01/2015", "word": "acab blacklivesmatter", "value": 38},  {"date": "11/01/2015", "word": "year old", "value": 22},  {"date": "11/01/2015", "word": "black people", "value": 21},  {"date": "11/01/2015", "word": "blacklivesmatter blacktwitter", "value": 24},  {"date": "11/01/2015", "word": "cbsnews berniesanders", "value": 27},  {"date": "11/01/2015", "word": "berniesanders hillaryclinton", "value": 27},  {"date": "11/01/2015", "word": "hillaryclinton martinomalley", "value": 27},  {"date": "11/01/2015", "word": "threat kkk", "value": 20},  {"date": "11/01/2015", "word": "kkk today", "value": 20},  {"date": "11/01/2015", "word": "today demdebate", "value": 20},  {"date": "11/01/2015", "word": "blackmatters blacklivesmatter", "value": 58},  {"date": "12/01/2015", "word": "blacklivesmatter blacktwitter", "value": 28},  {"date": "12/01/2015", "word": "black people", "value": 49},  {"date": "12/01/2015", "word": "chicago mayor", "value": 27},  {"date": "12/01/2015", "word": "white people", "value": 32},  {"date": "12/01/2015", "word": "freddie gray", "value": 28},  {"date": "12/01/2015", "word": "chicago police", "value": 30},  {"date": "12/01/2015", "word": "resignrahm rahmemanuelout", "value": 75},  {"date": "12/01/2015", "word": "new york", "value": 33},  {"date": "12/01/2015", "word": "don know", "value": 30},  {"date": "12/01/2015", "word": "bernie sanders", "value": 28},  {"date": "01/01/2016", "word": "martin luther", "value": 84},  {"date": "01/01/2016", "word": "luther king", "value": 84},  {"date": "01/01/2016", "word": "happy birthday", "value": 31},  {"date": "01/01/2016", "word": "white people", "value": 31},  {"date": "01/01/2016", "word": "king jr", "value": 64},  {"date": "01/01/2016", "word": "gopdebate stopthegop", "value": 120},  {"date": "01/01/2016", "word": "terrorists oregonunderattack", "value": 31},  {"date": "01/01/2016", "word": "stopthegop gopdebate", "value": 102},  {"date": "01/01/2016", "word": "black people", "value": 40},  {"date": "01/01/2016", "word": "bernie sanders", "value": 35},  {"date": "02/01/2016", "word": "black people", "value": 155},  {"date": "02/01/2016", "word": "newsone audio", "value": 161},  {"date": "02/01/2016", "word": "audio podcast", "value": 161},  {"date": "02/01/2016", "word": "podcast bishop", "value": 161},  {"date": "02/01/2016", "word": "bishop jackson", "value": 161},  {"date": "02/01/2016", "word": "jackson calls", "value": 161},  {"date": "02/01/2016", "word": "calls blacklivesmatter", "value": 168},  {"date": "02/01/2016", "word": "blacklivesmatter movement", "value": 190},  {"date": "02/01/2016", "word": "movement disgraceful", "value": 156},  {"date": "02/01/2016", "word": "buyblack blacktwitter", "value": 109},  {"date": "03/01/2016", "word": "trump rally", "value": 47},  {"date": "03/01/2016", "word": "black man", "value": 70},  {"date": "03/01/2016", "word": "black people", "value": 120},  {"date": "03/01/2016", "word": "blacklivesmatter movement", "value": 47},  {"date": "03/01/2016", "word": "police brutality", "value": 64},  {"date": "03/01/2016", "word": "police officer", "value": 52},  {"date": "03/01/2016", "word": "donald trump", "value": 80},  {"date": "03/01/2016", "word": "black press", "value": 48},  {"date": "03/01/2016", "word": "police antipolicebrutalityday", "value": 44},  {"date": "03/01/2016", "word": "bernie sanders", "value": 40},  {"date": "04/01/2016", "word": "black man", "value": 48},  {"date": "04/01/2016", "word": "white people", "value": 51},  {"date": "04/01/2016", "word": "bernie sanders", "value": 76},  {"date": "04/01/2016", "word": "hillary clinton", "value": 37},  {"date": "04/01/2016", "word": "harriet tubman", "value": 38},  {"date": "04/01/2016", "word": "black people", "value": 52},  {"date": "04/01/2016", "word": "donald trump", "value": 45},  {"date": "04/01/2016", "word": "san francisco", "value": 52},  {"date": "04/01/2016", "word": "beingblackis like", "value": 40},  {"date": "04/01/2016", "word": "lgbtunited lgbt", "value": 42},  {"date": "05/01/2016", "word": "black people", "value": 101},  {"date": "05/01/2016", "word": "bernie sanders", "value": 72},  {"date": "05/01/2016", "word": "year old", "value": 61},  {"date": "05/01/2016", "word": "police officer", "value": 54},  {"date": "05/01/2016", "word": "black man", "value": 83},  {"date": "05/01/2016", "word": "donald trump", "value": 119},  {"date": "05/01/2016", "word": "poor people", "value": 74},  {"date": "05/01/2016", "word": "george zimmerman", "value": 55},  {"date": "05/01/2016", "word": "hillary clinton", "value": 84},  {"date": "05/01/2016", "word": "ask question", "value": 95},  {"date": "06/01/2016", "word": "orlando shooting", "value": 69},  {"date": "06/01/2016", "word": "mass shooting", "value": 53},  {"date": "06/01/2016", "word": "new york", "value": 75},  {"date": "06/01/2016", "word": "black lives", "value": 55},  {"date": "06/01/2016", "word": "muhammad ali", "value": 146},  {"date": "06/01/2016", "word": "black people", "value": 82},  {"date": "06/01/2016", "word": "black man", "value": 69},  {"date": "06/01/2016", "word": "super bowl", "value": 68},  {"date": "06/01/2016", "word": "donald trump", "value": 105},  {"date": "06/01/2016", "word": "african american", "value": 57},  {"date": "07/01/2016", "word": "black lives", "value": 84},  {"date": "07/01/2016", "word": "lives matter", "value": 96},  {"date": "07/01/2016", "word": "donald trump", "value": 63},  {"date": "07/01/2016", "word": "black people", "value": 131},  {"date": "07/01/2016", "word": "black man", "value": 91},  {"date": "07/01/2016",   "word": "blackskinisnotacrime philandocastile",   "value": 59},  {"date": "07/01/2016",   "word": "altonsterling blackskinisnotacrime",   "value": 86},  {"date": "07/01/2016",   "word": "blackskinisnotacrime blacklivesmatter",   "value": 93},  {"date": "07/01/2016", "word": "baton rouge", "value": 53},  {"date": "07/01/2016", "word": "sandra bland", "value": 65},  {"date": "08/01/2016", "word": "white people", "value": 68},  {"date": "08/01/2016", "word": "lives matter", "value": 93},  {"date": "08/01/2016", "word": "donald trump", "value": 63},  {"date": "08/01/2016", "word": "black people", "value": 121},  {"date": "08/01/2016", "word": "year old", "value": 83},  {"date": "08/01/2016", "word": "black men", "value": 56},  {"date": "08/01/2016", "word": "black women", "value": 64},  {"date": "08/01/2016", "word": "black man", "value": 74},  {"date": "08/01/2016", "word": "black lives", "value": 76},  {"date": "08/01/2016", "word": "police brutality", "value": 59},  {"date": "09/01/2016", "word": "colin kaepernick", "value": 94},  {"date": "09/01/2016", "word": "black people", "value": 48},  {"date": "09/01/2016", "word": "white people", "value": 37},  {"date": "09/01/2016", "word": "national anthem", "value": 60},  {"date": "09/01/2016", "word": "black women", "value": 38},  {"date": "09/01/2016", "word": "white supremacist", "value": 42},  {"date": "09/01/2016", "word": "black man", "value": 44},  {"date": "09/01/2016", "word": "year old", "value": 43},  {"date": "09/01/2016", "word": "black unity", "value": 37},  {"date": "09/01/2016", "word": "share flyer", "value": 56},  {"date": "10/01/2016", "word": "donald trump", "value": 455},  {"date": "10/01/2016", "word": "nowplaying dagr8fm", "value": 312},  {"date": "10/01/2016", "word": "listen title", "value": 349},  {"date": "10/01/2016", "word": "title track", "value": 350},  {"date": "10/01/2016", "word": "track upcoming", "value": 349},  {"date": "10/01/2016", "word": "upcoming mashup", "value": 349},  {"date": "10/01/2016", "word": "mashup album", "value": 349},  {"date": "10/01/2016", "word": "album thefourhorsemen", "value": 349},  {"date": "10/01/2016", "word": "thefourhorsemen theartofwar", "value": 349},  {"date": "10/01/2016", "word": "theartofwar ft", "value": 349},  {"date": "11/01/2016", "word": "donald trump", "value": 309},  {"date": "11/01/2016", "word": "white people", "value": 139},  {"date": "11/01/2016", "word": "white supremacy", "value": 117},  {"date": "11/01/2016", "word": "8bmdm8ell5 nowplaying", "value": 141},  {"date": "11/01/2016", "word": "nowplaying dagr8fm", "value": 160},  {"date": "11/01/2016", "word": "following twitter", "value": 127},  {"date": "11/01/2016", "word": "twitter thanks", "value": 126},  {"date": "11/01/2016", "word": "ready follow", "value": 126},  {"date": "11/01/2016", "word": "black people", "value": 161},  {"date": "11/01/2016", "word": "hillary clinton", "value": 123},  {"date": "12/01/2016", "word": "black women", "value": 140},  {"date": "12/01/2016", "word": "white people", "value": 118},  {"date": "12/01/2016", "word": "donald trump", "value": 216},  {"date": "12/01/2016", "word": "hip hop", "value": 155},  {"date": "12/01/2016", "word": "music video", "value": 123},  {"date": "12/01/2016", "word": "8bmdm8ell5 nowplaying", "value": 316},  {"date": "12/01/2016", "word": "nowplaying dagr8fm", "value": 323},  {"date": "12/01/2016", "word": "magazine issue", "value": 110},  {"date": "12/01/2016", "word": "black people", "value": 163},  {"date": "12/01/2016", "word": "p2 ctl", "value": 154},  {"date": "01/01/2017", "word": "hip hop", "value": 127},  {"date": "01/01/2017", "word": "civil rights", "value": 111},  {"date": "01/01/2017", "word": "new year", "value": 146},  {"date": "01/01/2017", "word": "black people", "value": 123},  {"date": "01/01/2017", "word": "donald trump", "value": 235},  {"date": "01/01/2017", "word": "black women", "value": 105},  {"date": "01/01/2017", "word": "bonitaapplebum atcq", "value": 174},  {"date": "01/01/2017", "word": "atcq tee", "value": 174},  {"date": "01/01/2017", "word": "tee dg1fxljiqk", "value": 164},  {"date": "01/01/2017", "word": "p2 ctl", "value": 126},  {"date": "02/01/2017", "word": "donald trump", "value": 166},  {"date": "02/01/2017", "word": "listen mashup", "value": 231},  {"date": "02/01/2017", "word": "mashup mix", "value": 231},  {"date": "02/01/2017", "word": "mix nasdotcom", "value": 231},  {"date": "02/01/2017", "word": "nasdotcom feat", "value": 231},  {"date": "02/01/2017", "word": "feat nas", "value": 231},  {"date": "02/01/2017", "word": "nas common", "value": 231},  {"date": "02/01/2017", "word": "common okdwgyu0s7", "value": 214},  {"date": "02/01/2017", "word": "click start", "value": 155},  {"date": "02/01/2017", "word": "soundcloud promotion", "value": 150},  {"date": "03/01/2017", "word": "black women", "value": 167},  {"date": "03/01/2017", "word": "white house", "value": 126},  {"date": "03/01/2017", "word": "donald trump", "value": 149},  {"date": "03/01/2017", "word": "year old", "value": 152},  {"date": "03/01/2017", "word": "soundcloud promotion", "value": 167},  {"date": "03/01/2017", "word": "click details", "value": 186},  {"date": "03/01/2017", "word": "million soundcloud", "value": 128},  {"date": "03/01/2017", "word": "soundcloud plays", "value": 128},  {"date": "03/01/2017", "word": "click start", "value": 203},  {"date": "03/01/2017", "word": "promotion just", "value": 150},  {"date": "04/01/2017", "word": "white house", "value": 117},  {"date": "04/01/2017", "word": "app ichlzwqg0y", "value": 163},  {"date": "04/01/2017", "word": "black women", "value": 130},  {"date": "04/01/2017", "word": "year old", "value": 161},  {"date": "04/01/2017", "word": "click details", "value": 139},  {"date": "04/01/2017", "word": "soundcloud promotion", "value": 219},  {"date": "04/01/2017", "word": "best soundcloud", "value": 152},  {"date": "04/01/2017", "word": "promotion just", "value": 164},  {"date": "04/01/2017", "word": "50 click", "value": 128},  {"date": "04/01/2017", "word": "click start", "value": 214},  {"date": "05/01/2017", "word": "year old", "value": 94},  {"date": "05/01/2017", "word": "black people", "value": 49},  {"date": "05/01/2017", "word": "white people", "value": 38},  {"date": "05/01/2017", "word": "100k soundcloud", "value": 42},  {"date": "05/01/2017", "word": "soundcloud plays", "value": 57},  {"date": "05/01/2017", "word": "plays seen", "value": 41},  {"date": "05/01/2017", "word": "click details", "value": 49},  {"date": "05/01/2017", "word": "hiphop rap", "value": 42},  {"date": "05/01/2017", "word": "african american", "value": 38},  {"date": "05/01/2017", "word": "black women", "value": 51},  {"date": "06/01/2017", "word": "black woman", "value": 24},  {"date": "06/01/2017", "word": "black women", "value": 17},  {"date": "06/01/2017", "word": "year old", "value": 54},  {"date": "06/01/2017", "word": "high school", "value": 33},  {"date": "06/01/2017", "word": "lives matter", "value": 16},  {"date": "06/01/2017", "word": "african american", "value": 33},  {"date": "06/01/2017", "word": "black man", "value": 29},  {"date": "06/01/2017", "word": "philando castile", "value": 22},  {"date": "06/01/2017", "word": "black people", "value": 19},  {"date": "06/01/2017", "word": "12 year", "value": 15},  {"date": "07/01/2017", "word": "malkiabektemba oxrganic", "value": 101},  {"date": "07/01/2017", "word": "oxrganic donnadoni1", "value": 101},  {"date": "07/01/2017", "word": "donnadoni1 sibiya29", "value": 101},  {"date": "07/01/2017", "word": "sibiya29 debbiem9", "value": 79},  {"date": "07/01/2017", "word": "angelaw676 supernjoro", "value": 105},  {"date": "07/01/2017", "word": "supernjoro mindsexguru", "value": 107},  {"date": "07/01/2017", "word": "year old", "value": 123},  {"date": "07/01/2017", "word": "black people", "value": 84},  {"date": "07/01/2017", "word": "donald trump", "value": 97},  {"date": "07/01/2017", "word": "p2 ctl", "value": 99},  {"date": "08/01/2017", "word": "white people", "value": 35},  {"date": "08/01/2017", "word": "black women", "value": 39},  {"date": "08/01/2017", "word": "white house", "value": 35},  {"date": "08/01/2017", "word": "askem a5kem", "value": 35},  {"date": "08/01/2017", "word": "a5kem artyoucanhear", "value": 35},  {"date": "08/01/2017", "word": "black people", "value": 40},  {"date": "08/01/2017", "word": "year old", "value": 33},  {"date": "08/01/2017", "word": "white supremacist", "value": 36},  {"date": "08/01/2017", "word": "donald trump", "value": 42},  {"date": "08/01/2017", "word": "black woman", "value": 33},  {"date": "09/01/2017", "word": "high school", "value": 6},  {"date": "09/01/2017", "word": "facebook rants", "value": 3},  {"date": "09/01/2017", "word": "black person", "value": 6},  {"date": "09/01/2017", "word": "remove confederate", "value": 4},  {"date": "09/01/2017", "word": "year old", "value": 4},  {"date": "09/01/2017", "word": "african american", "value": 8},  {"date": "09/01/2017", "word": "american woman", "value": 4},  {"date": "09/01/2017", "word": "black students", "value": 6},  {"date": "09/01/2017", "word": "white man", "value": 4},  {"date": "09/01/2017", "word": "black man", "value": 7},  {"date": "10/01/2017", "word": "puerto rico", "value": 5},  {"date": "10/01/2017", "word": "fox news", "value": 5},  {"date": "10/01/2017", "word": "trump said", "value": 3},  {"date": "10/01/2017", "word": "puerto ricans", "value": 3},  {"date": "10/01/2017", "word": "white house", "value": 2},  {"date": "10/01/2017", "word": "playing golf", "value": 3},  {"date": "10/01/2017", "word": "navy seal", "value": 4},  {"date": "10/01/2017", "word": "acts like", "value": 2},  {"date": "10/01/2017", "word": "whitelivesmatter rally", "value": 3},  {"date": "10/01/2017", "word": "real catastrophe", "value": 3},  {"date": "11/01/2017", "word": "roy moore", "value": 26},  {"date": "11/01/2017", "word": "fox news", "value": 5},  {"date": "11/01/2017", "word": "fake news", "value": 9},  {"date": "11/01/2017", "word": "donald trump", "value": 11},  {"date": "11/01/2017", "word": "white house", "value": 5},  {"date": "11/01/2017", "word": "tax cut", "value": 7},  {"date": "11/01/2017", "word": "native americans", "value": 6},  {"date": "11/01/2017", "word": "year old", "value": 5},  {"date": "11/01/2017", "word": "molest kids", "value": 5},  {"date": "11/01/2017", "word": "colin kaepernick", "value": 5},  {"date": "12/01/2017", "word": "doug jones", "value": 18},  {"date": "12/01/2017", "word": "roy moore", "value": 59},  {"date": "12/01/2017", "word": "donald trump", "value": 50},  {"date": "12/01/2017", "word": "year old", "value": 49},  {"date": "12/01/2017", "word": "civil rights", "value": 13},  {"date": "12/01/2017", "word": "black women", "value": 13},  {"date": "12/01/2017", "word": "pedophile pedophile", "value": 16},  {"date": "12/01/2017", "word": "barack obama", "value": 14},  {"date": "12/01/2017", "word": "trump dec", "value": 18},  {"date": "12/01/2017", "word": "president obama", "value": 15}], "right": [{"date": "07/01/2015", "word": "patriots dare", "value": 148},  {"date": "07/01/2015", "word": "dare join", "value": 148},  {"date": "07/01/2015", "word": "join fight", "value": 148},  {"date": "07/01/2015", "word": "fight save", "value": 148},  {"date": "07/01/2015", "word": "america click", "value": 148},  {"date": "07/01/2015", "word": "iran deal", "value": 216},  {"date": "07/01/2015", "word": "world news", "value": 421},  {"date": "07/01/2015", "word": "planned parenthood", "value": 389},  {"date": "07/01/2015", "word": "new york", "value": 160},  {"date": "07/01/2015", "word": "donald trump", "value": 364},  {"date": "08/01/2015", "word": "trumpbecause realdonaldtrump", "value": 125},  {"date": "08/01/2015", "word": "trump president", "value": 31},  {"date": "08/01/2015", "word": "make america", "value": 45},  {"date": "08/01/2015", "word": "america great", "value": 47},  {"date": "08/01/2015", "word": "donald trump", "value": 75},  {"date": "08/01/2015", "word": "trumpbecause trump", "value": 81},  {"date": "08/01/2015", "word": "mikebrown fergusonremembers", "value": 32},  {"date": "08/01/2015", "word": "looks like", "value": 35},  {"date": "08/01/2015", "word": "new york", "value": 32},  {"date": "08/01/2015", "word": "ashley madison", "value": 42},  {"date": "09/01/2015", "word": "black areas", "value": 32},  {"date": "09/01/2015", "word": "sign petition", "value": 47},  {"date": "09/01/2015", "word": "guns nogunsforcriminals", "value": 29},  {"date": "09/01/2015", "word": "guns criminals", "value": 24},  {"date": "09/01/2015", "word": "criminals nogunsforcriminals", "value": 23},  {"date": "09/01/2015", "word": "petition nogunsforcriminals", "value": 25},  {"date": "09/01/2015", "word": "don think", "value": 24},  {"date": "09/01/2015", "word": "looks like", "value": 22},  {"date": "09/01/2015", "word": "cnnpolitics cnnbrk", "value": 28},  {"date": "09/01/2015", "word": "cnnbrk potus", "value": 22},  {"date": "10/01/2015", "word": "tcot ccot", "value": 33},  {"date": "10/01/2015", "word": "new york", "value": 36},  {"date": "10/01/2015", "word": "charles koch", "value": 189},  {"date": "10/01/2015", "word": "fighting special", "value": 56},  {"date": "10/01/2015", "word": "special interests", "value": 63},  {"date": "10/01/2015", "word": "bernie sanders", "value": 59},  {"date": "10/01/2015", "word": "ben carson", "value": 76},  {"date": "10/01/2015", "word": "year old", "value": 51},  {"date": "10/01/2015", "word": "gun control", "value": 48},  {"date": "10/01/2015", "word": "fiscal charter", "value": 35},  {"date": "11/01/2015", "word": "demdebate demndebate", "value": 463},  {"date": "11/01/2015", "word": "ben carson", "value": 306},  {"date": "11/01/2015", "word": "paris attacks", "value": 132},  {"date": "11/01/2015", "word": "donald trump", "value": 133},  {"date": "11/01/2015", "word": "demndebate demdebate", "value": 294},  {"date": "11/01/2015", "word": "university missouri", "value": 84},  {"date": "11/01/2015", "word": "operation christmas", "value": 71},  {"date": "11/01/2015", "word": "christmas child", "value": 73},  {"date": "11/01/2015", "word": "tcot pjnet", "value": 82},  {"date": "11/01/2015",   "word": "promisedlanding promisedlanding",   "value": 81},  {"date": "12/01/2015", "word": "gopdebate vegasgopdebate", "value": 279},  {"date": "12/01/2015", "word": "republican party", "value": 128},  {"date": "12/01/2015", "word": "donald trump", "value": 230},  {"date": "12/01/2015", "word": "merry christmas", "value": 172},  {"date": "12/01/2015", "word": "demdebate damndebate", "value": 144},  {"date": "12/01/2015", "word": "san bernardino", "value": 151},  {"date": "12/01/2015", "word": "gun control", "value": 210},  {"date": "12/01/2015", "word": "mass shooting", "value": 121},  {"date": "12/01/2015", "word": "hillary clinton", "value": 164},  {"date": "12/01/2015", "word": "gopdebate know", "value": 218},  {"date": "01/01/2016", "word": "gopdebate stopthegop", "value": 481},  {"date": "01/01/2016", "word": "stopthegop gopdebate", "value": 479},  {"date": "01/01/2016", "word": "ted cruz", "value": 108},  {"date": "01/01/2016", "word": "donald trump", "value": 163},  {"date": "01/01/2016", "word": "answer uhr7rf7a3v", "value": 59},  {"date": "01/01/2016", "word": "tcot pjnet", "value": 79},  {"date": "01/01/2016", "word": "tcot ccot", "value": 66},  {"date": "01/01/2016", "word": "bernie sanders", "value": 73},  {"date": "01/01/2016", "word": "hillary clinton", "value": 87},  {"date": "01/01/2016", "word": "ccot tcot", "value": 66},  {"date": "02/01/2016", "word": "abcgopdebate abcnews", "value": 250},  {"date": "02/01/2016", "word": "tcot ccot", "value": 806},  {"date": "02/01/2016", "word": "pjnet ccot", "value": 338},  {"date": "02/01/2016", "word": "ccot tcot", "value": 397},  {"date": "02/01/2016", "word": "tcot pjnet", "value": 415},  {"date": "02/01/2016", "word": "pjnet tcot", "value": 368},  {"date": "02/01/2016", "word": "ted cruz", "value": 271},  {"date": "02/01/2016", "word": "cruzcrew pjnet", "value": 324},  {"date": "02/01/2016", "word": "oscarhasnocolor oscars", "value": 362},  {"date": "02/01/2016", "word": "abcnews abcgopdebate", "value": 273},  {"date": "03/01/2016", "word": "syrian refugees", "value": 309},  {"date": "03/01/2016", "word": "refugees terrorists", "value": 312},  {"date": "03/01/2016", "word": "prayforbrussels brussels", "value": 140},  {"date": "03/01/2016", "word": "brussels islamkills", "value": 503},  {"date": "03/01/2016", "word": "refugees welcome", "value": 196},  {"date": "03/01/2016", "word": "islamkills stopislam", "value": 238},  {"date": "03/01/2016", "word": "islamkills refugees", "value": 146},  {"date": "03/01/2016", "word": "stopislam islamkills", "value": 457},  {"date": "03/01/2016", "word": "islamkills brussels", "value": 281},  {"date": "03/01/2016", "word": "refugees isis", "value": 193},  {"date": "04/01/2016", "word": "donald trump", "value": 50},  {"date": "04/01/2016", "word": "ted cruz", "value": 38},  {"date": "04/01/2016", "word": "hillary clinton", "value": 24},  {"date": "04/01/2016", "word": "white house", "value": 14},  {"date": "04/01/2016", "word": "bernie sanders", "value": 35},  {"date": "04/01/2016", "word": "just like", "value": 12},  {"date": "04/01/2016", "word": "muslim step", "value": 19},  {"date": "04/01/2016", "word": "steelhead67 standup_1776", "value": 16},  {"date": "04/01/2016", "word": "nj4sanders2016 ibelievengood", "value": 13},  {"date": "04/01/2016", "word": "ibelievengood steelhead67", "value": 13},  {"date": "05/01/2016", "word": "cruzcrew pjnet", "value": 154},  {"date": "05/01/2016", "word": "pjnet tcot", "value": 60},  {"date": "05/01/2016", "word": "renewus pjnet", "value": 82},  {"date": "05/01/2016", "word": "tcot pjnet", "value": 116},  {"date": "05/01/2016", "word": "inhonorof pjnet", "value": 116},  {"date": "05/01/2016", "word": "harry truman", "value": 85},  {"date": "05/01/2016", "word": "rednationrising tcot", "value": 50},  {"date": "05/01/2016", "word": "shooters_wife mt", "value": 57},  {"date": "05/01/2016", "word": "donald trump", "value": 79},  {"date": "05/01/2016", "word": "hillary clinton", "value": 70},  {"date": "06/01/2016", "word": "tcot wakeupamerica", "value": 35},  {"date": "06/01/2016", "word": "wakeupamerica pjnet", "value": 28},  {"date": "06/01/2016", "word": "hillary clinton", "value": 84},  {"date": "06/01/2016", "word": "donald trump", "value": 27},  {"date": "06/01/2016", "word": "people don", "value": 13},  {"date": "06/01/2016", "word": "don want", "value": 25},  {"date": "06/01/2016", "word": "religion peace", "value": 16},  {"date": "06/01/2016", "word": "good morning", "value": 15},  {"date": "06/01/2016", "word": "bernie sanders", "value": 15},  {"date": "06/01/2016", "word": "trump tower", "value": 13},  {"date": "07/01/2016", "word": "american thinker", "value": 108},  {"date": "07/01/2016", "word": "national security", "value": 27},  {"date": "07/01/2016", "word": "thinker pjnet", "value": 40},  {"date": "07/01/2016", "word": "pjnet 999", "value": 49},  {"date": "07/01/2016", "word": "hillary clinton", "value": 175},  {"date": "07/01/2016", "word": "black lives", "value": 29},  {"date": "07/01/2016", "word": "lives matter", "value": 34},  {"date": "07/01/2016", "word": "donald trump", "value": 56},  {"date": "07/01/2016", "word": "bernie sanders", "value": 28},  {"date": "07/01/2016", "word": "god bless", "value": 30},  {"date": "08/01/2016", "word": "tcot ccot", "value": 65},  {"date": "08/01/2016", "word": "uniteblue tcot", "value": 35},  {"date": "08/01/2016", "word": "pjnet tcot", "value": 27},  {"date": "08/01/2016", "word": "neverhillary imnotwithher", "value": 31},  {"date": "08/01/2016", "word": "hillary clinton", "value": 117},  {"date": "08/01/2016", "word": "sign petition", "value": 28},  {"date": "08/01/2016", "word": "tcot pjnet", "value": 27},  {"date": "08/01/2016", "word": "donald trump", "value": 55},  {"date": "08/01/2016", "word": "good morning", "value": 44},  {"date": "08/01/2016", "word": "god bless", "value": 45},  {"date": "09/01/2016", "word": "hillary clinton", "value": 1034},  {"date": "09/01/2016", "word": "vote trump", "value": 152},  {"date": "09/01/2016", "word": "tcot pjnet", "value": 228},  {"date": "09/01/2016", "word": "cosproject pjnet", "value": 154},  {"date": "09/01/2016", "word": "donald trump", "value": 614},  {"date": "09/01/2016", "word": "clinton foundation", "value": 177},  {"date": "09/01/2016", "word": "new york", "value": 215},  {"date": "09/01/2016", "word": "pjnet p2", "value": 166},  {"date": "09/01/2016", "word": "ahmad khan", "value": 196},  {"date": "09/01/2016", "word": "khan rahami", "value": 191},  {"date": "10/01/2016", "word": "hillary clinton", "value": 585},  {"date": "10/01/2016", "word": "clinton campaign", "value": 122},  {"date": "10/01/2016", "word": "donald trump", "value": 355},  {"date": "10/01/2016", "word": "vote trump", "value": 126},  {"date": "10/01/2016", "word": "clinton foundation", "value": 179},  {"date": "10/01/2016", "word": "voter fraud", "value": 132},  {"date": "10/01/2016", "word": "hurricane matthew", "value": 127},  {"date": "10/01/2016", "word": "isis accounts", "value": 120},  {"date": "10/01/2016", "word": "targets iceisis", "value": 118},  {"date": "10/01/2016", "word": "iceisis opiceisis", "value": 119},  {"date": "11/01/2016",   "word": "hillaryforprison2016 trumpforpresident",   "value": 157},  {"date": "11/01/2016", "word": "donald trump", "value": 319},  {"date": "11/01/2016", "word": "america great", "value": 103},  {"date": "11/01/2016", "word": "vote trump", "value": 146},  {"date": "11/01/2016", "word": "clinton foundation", "value": 96},  {"date": "11/01/2016", "word": "hillary clinton", "value": 301},  {"date": "11/01/2016", "word": "targeted isis", "value": 95},  {"date": "11/01/2016", "word": "isis accounts", "value": 96},  {"date": "11/01/2016", "word": "targets iceisis", "value": 95},  {"date": "11/01/2016", "word": "iceisis opiceisis", "value": 95},  {"date": "12/01/2016", "word": "donald trump", "value": 322},  {"date": "12/01/2016", "word": "fake news", "value": 355},  {"date": "12/01/2016", "word": "new post", "value": 366},  {"date": "12/01/2016", "word": "merry christmas", "value": 192},  {"date": "12/01/2016", "word": "tcot ccot", "value": 203},  {"date": "12/01/2016", "word": "news post", "value": 422},  {"date": "12/01/2016", "word": "targeted isis", "value": 142},  {"date": "12/01/2016", "word": "isis accounts", "value": 143},  {"date": "12/01/2016", "word": "targets iceisis", "value": 142},  {"date": "12/01/2016", "word": "iceisis opiceisis", "value": 142},  {"date": "01/01/2017", "word": "new year", "value": 123},  {"date": "01/01/2017", "word": "fake news", "value": 196},  {"date": "01/01/2017", "word": "new post", "value": 207},  {"date": "01/01/2017", "word": "trump inauguration", "value": 128},  {"date": "01/01/2017", "word": "donald trump", "value": 346},  {"date": "01/01/2017", "word": "white house", "value": 139},  {"date": "01/01/2017", "word": "president trump", "value": 174},  {"date": "01/01/2017", "word": "tcot ccot", "value": 134},  {"date": "01/01/2017", "word": "news post", "value": 333},  {"date": "01/01/2017", "word": "isis accounts", "value": 109},  {"date": "02/01/2017", "word": "new post", "value": 103},  {"date": "02/01/2017", "word": "president trump", "value": 279},  {"date": "02/01/2017", "word": "fake news", "value": 206},  {"date": "02/01/2017", "word": "white house", "value": 192},  {"date": "02/01/2017", "word": "donald trump", "value": 178},  {"date": "02/01/2017", "word": "news post", "value": 193},  {"date": "02/01/2017", "word": "targeted isis", "value": 107},  {"date": "02/01/2017", "word": "isis accounts", "value": 108},  {"date": "02/01/2017", "word": "targets iceisis", "value": 107},  {"date": "02/01/2017", "word": "iceisis opiceisis", "value": 107},  {"date": "03/01/2017", "word": "white house", "value": 151},  {"date": "03/01/2017", "word": "donald trump", "value": 183},  {"date": "03/01/2017", "word": "year old", "value": 124},  {"date": "03/01/2017", "word": "president trump", "value": 205},  {"date": "03/01/2017", "word": "new post", "value": 170},  {"date": "03/01/2017", "word": "news post", "value": 264},  {"date": "03/01/2017", "word": "fake news", "value": 138},  {"date": "03/01/2017", "word": "targeted isis", "value": 110},  {"date": "03/01/2017", "word": "isis accounts", "value": 111},  {"date": "03/01/2017", "word": "targets iceisis", "value": 109},  {"date": "04/01/2017", "word": "new post", "value": 206},  {"date": "04/01/2017", "word": "president trump", "value": 202},  {"date": "04/01/2017", "word": "north korea", "value": 214},  {"date": "04/01/2017", "word": "white house", "value": 170},  {"date": "04/01/2017", "word": "donald trump", "value": 130},  {"date": "04/01/2017", "word": "le pen", "value": 136},  {"date": "04/01/2017", "word": "susan rice", "value": 220},  {"date": "04/01/2017", "word": "news post", "value": 329},  {"date": "04/01/2017", "word": "targeted isis", "value": 124},  {"date": "04/01/2017", "word": "isis accounts", "value": 124},  {"date": "05/01/2017", "word": "white house", "value": 22},  {"date": "05/01/2017", "word": "new post", "value": 43},  {"date": "05/01/2017", "word": "le pen", "value": 29},  {"date": "05/01/2017", "word": "health care", "value": 25},  {"date": "05/01/2017", "word": "president trump", "value": 39},  {"date": "05/01/2017", "word": "planned parenthood", "value": 22},  {"date": "05/01/2017", "word": "year old", "value": 27},  {"date": "05/01/2017", "word": "hillary clinton", "value": 40},  {"date": "05/01/2017", "word": "fbi director", "value": 22},  {"date": "05/01/2017", "word": "news post", "value": 50},  {"date": "06/01/2017", "word": "white house", "value": 131},  {"date": "06/01/2017", "word": "james comey", "value": 215},  {"date": "06/01/2017", "word": "president trump", "value": 158},  {"date": "06/01/2017", "word": "fake news", "value": 124},  {"date": "06/01/2017", "word": "jeff sessions", "value": 136},  {"date": "06/01/2017", "word": "loretta lynch", "value": 103},  {"date": "06/01/2017", "word": "donald trump", "value": 280},  {"date": "06/01/2017", "word": "megyn kelly", "value": 87},  {"date": "06/01/2017", "word": "steve scalise", "value": 103},  {"date": "06/01/2017", "word": "virginia shooting", "value": 84},  {"date": "07/01/2017", "word": "white house", "value": 271},  {"date": "07/01/2017", "word": "breaking trump", "value": 146},  {"date": "07/01/2017", "word": "trump just", "value": 178},  {"date": "07/01/2017", "word": "fake news", "value": 230},  {"date": "07/01/2017", "word": "john mccain", "value": 177},  {"date": "07/01/2017", "word": "wasserman schultz", "value": 126},  {"date": "07/01/2017", "word": "president trump", "value": 248},  {"date": "07/01/2017", "word": "obamacare repeal", "value": 142},  {"date": "07/01/2017", "word": "north korea", "value": 184},  {"date": "07/01/2017", "word": "curated hedgebz", "value": 215},  {"date": "08/01/2017", "word": "north korea", "value": 2807},  {"date": "08/01/2017", "word": "president trump", "value": 2837},  {"date": "08/01/2017", "word": "trump supporters", "value": 1318},  {"date": "08/01/2017", "word": "trump just", "value": 1249},  {"date": "08/01/2017", "word": "white house", "value": 1570},  {"date": "08/01/2017", "word": "patriot army", "value": 1556},  {"date": "08/01/2017", "word": "enlist usfa", "value": 1324},  {"date": "08/01/2017", "word": "rt_america maga", "value": 1242},  {"date": "08/01/2017", "word": "mfbjijyl05 rewind", "value": 1655},  {"date": "08/01/2017", "word": "archived hedgebz", "value": 1412},  {"date": "09/01/2017", "word": "president trump", "value": 629},  {"date": "09/01/2017", "word": "hurricane irma", "value": 404},  {"date": "09/01/2017", "word": "north korea", "value": 722},  {"date": "09/01/2017", "word": "white house", "value": 327},  {"date": "09/01/2017", "word": "national anthem", "value": 338},  {"date": "09/01/2017", "word": "anti trump", "value": 364},  {"date": "09/01/2017", "word": "breaking video", "value": 306},  {"date": "09/01/2017", "word": "trump just", "value": 332},  {"date": "09/01/2017", "word": "trump supporters", "value": 548},  {"date": "09/01/2017", "word": "breaking trump", "value": 517},  {"date": "10/01/2017", "word": "anti trump", "value": 911},  {"date": "10/01/2017", "word": "president trump", "value": 470},  {"date": "10/01/2017", "word": "puerto rico", "value": 512},  {"date": "10/01/2017", "word": "san juan", "value": 577},  {"date": "10/01/2017", "word": "juan mayor", "value": 527},  {"date": "10/01/2017", "word": "harvey weinstein", "value": 845},  {"date": "10/01/2017", "word": "breaking trump", "value": 406},  {"date": "10/01/2017", "word": "gun control", "value": 433},  {"date": "10/01/2017", "word": "vegas massacre", "value": 648},  {"date": "10/01/2017", "word": "vegas shooter", "value": 398},  {"date": "11/01/2017", "word": "roy moore", "value": 399},  {"date": "11/01/2017", "word": "cnn fakenews", "value": 2262},  {"date": "11/01/2017", "word": "fakenews cnn", "value": 1902},  {"date": "11/01/2017", "word": "cnni cnnpolitics", "value": 361},  {"date": "11/01/2017", "word": "cnnpolitics cnnsitroom", "value": 361},  {"date": "11/01/2017", "word": "wolfblitzer jaketapper", "value": 361},  {"date": "11/01/2017", "word": "jaketapper theleadcnn", "value": 362},  {"date": "11/01/2017", "word": "ananavarro donlemon", "value": 361},  {"date": "11/01/2017", "word": "donlemon vanjones68", "value": 361},  {"date": "11/01/2017", "word": "fakenews fakenews", "value": 361},  {"date": "12/01/2017", "word": "win win", "value": 364},  {"date": "12/01/2017", "word": "wolfblitzer jaketapper", "value": 293},  {"date": "12/01/2017", "word": "jaketapper theleadcnn", "value": 289},  {"date": "12/01/2017", "word": "donlemon vanjones68", "value": 289},  {"date": "12/01/2017", "word": "vanjones68 andersoncooper", "value": 289},  {"date": "12/01/2017", "word": "cnn fakenews", "value": 1034},  {"date": "12/01/2017", "word": "fakenews cnn", "value": 861},  {"date": "12/01/2017", "word": "dani bostick", "value": 456},  {"date": "12/01/2017", "word": "bostick fakenews", "value": 456},  {"date": "12/01/2017", "word": "fakenews dani", "value": 342}]}